App,Avg_Sentiment_Subjectivity
10 Best Foods for You,0.49545471424337406
104 找工作 - 找工作 找打工 找兼職 履歷健檢 履歷診療室,0.5455162698412699
11st,0.4439569354256855
1800 Contacts - Lens Store,0.5910984848484848
1LINE – One Line with One Touch,0.5573153053087264
2018Emoji Keyboard 😂 Emoticons Lite -sticker&gif,0.5205729166666667
21-Day Meditation Experience,0.5510479902042402
"2Date Dating App, Love and matching",0.5583907406662825
2GIS: directory & navigator,0.3966579365079365
2RedBeans,0.5978684477915248
2ndLine - Second Phone Number,0.3770225018037518
30 Day Fitness Challenge - Workout at Home,0.5585879078678617
365Scores - Live Scores,0.6396103896103896
3D Blue Glass Water Keyboard Theme,
3D Color Pixel by Number - Sandbox Art Coloring,
3D Live Neon Weed Launcher,0.4
4 in a Row,0.5781031746031746
4K Wallpapers and Ultra HD Backgrounds,0.594328202661536
591房屋交易-租屋、中古屋、新建案、實價登錄、別墅透天、公寓套房、捷運、買房賣房行情、房價房貸查詢,0.3217280801209373
591房屋交易-香港,0.31342592592592594
7 Cups: Anxiety & Stress Chat,0.5671585648148147
7 Day Food Journal Challenge,0.6002028218694886
7 Minute Workout,0.6212481962481963
7 Weeks - Habit & Goal Tracker,0.49746949974628546
8 Ball Pool,0.4913517369146038
850 Sports News Digest,0.6924202606002057
8fit Workouts & Meal Planner,0.5346484758473062
95Live -SG#1 Live Streaming App,0.4559274799274799
A Call From Santa Claus!,0.6577408804430863
A Manual of Acupuncture,
A Word A Day,0.6690340909090909
A&E - Watch Full Episodes of TV Shows,0.49546326754385966
A+ Gallery - Photos & Videos,0.40287027819257787
A+ Mobile,0.522708380574452
ABC Kids - Tracing & Phonics,0.5095799695799695
ABC News - US & World News,0.4111693465264894
ABC Preschool Free,0.4229706790123457
ABCmouse.com,0.5238508597883598
AC - Tips & News for Android™,0.4841472548615406
ACE Elite,0.44258938592271924
"AD - Nieuws, Sport, Regio & Entertainment",0.46580603989438574
ADP Mobile Solutions,
ADW Launcher 2,
AMC Theatres,0.5781944444444445
ANA,0.3005272633744856
"AOL - News, Mail & Video",0.3985407465710496
AP Mobile - Breaking News,0.47140920486406596
APE Weather ( Live Forecast),0.5066498316498317
"APUS Launcher - Theme, Wallpaper, Hide Apps",0.5185483870967742
ARY NEWS,0.43835169880624425
ARY NEWS URDU,0.5183455882352942
ASOS,0.5864045214045215
ASUS Calling Screen,0.4153295604858105
ASUS Cover for ZenFone 2,0.44305555555555554
ASUS Gallery,
ASUS Quick Memo,0.33333333333333337
ASUS Sound Recorder,0.5952976190476191
ASUS SuperNote,0.484638308551352
"AT&T Navigator: Maps, Traffic",0.41218410352646806
AT&T Smart Wi-Fi,0.4328650238650239
AT&T Visual Voicemail,0.45259386724386724
"AVG Cleaner – Speed, Battery & Memory Booster",0.5824492063492064
Abs Training-Burn belly fat,0.4469090862840863
Account Manager,0.4564656849884123
Accounting App - Zoho Books,0.5223977196512407
AccuWeather: Daily Forecast & Live Weather Reports,0.4937064606400544
Acorn TV: World-class TV from Britain and Beyond,0.5070377689942908
Acorns - Invest Spare Change,0.20388888888888887
Acupuncture Assistant,
AdWords Express,0.2716686868686869
Ada - Your Health Guide,0.5554172335600908
Add Text To Photo,0.4007626922823001
Adobe Acrobat Reader,0.48715842842000245
Adobe Photoshop Express:Photo Editor Collage Maker,0.486466274135917
Adult Dating - AdultFinder,
Adult Glitter Color by Number Book - Sandbox Pages,
Advanced Task Killer,0.43680291005291
Agar.io,0.45973048669739847
Age Calculator,0.6030233698593074
Agoda – Hotel Booking Deals,0.6043673469387756
Air Traffic,0.4859695165945166
AirAsia,0.43236171236171234
AirBrush: Easy Photo Editor,0.4650115740740741
Airbnb,0.49490795255052167
Airport + Flight Tracker Radar,0.42453282828282823
Airway Ex - Intubate. Anesthetize. Train.,0.49310152810152813
Akinator,0.4953002693665287
AlReader -any text book reader,0.41257682132682133
Alarm Clock,0.371872185813158
Alarm Clock Free,0.35684034219748506
Alfred Home Security Camera,0.4758727272727273
"AliExpress - Smarter Shopping, Better Living",0.6177662898829566
All Email Providers,0.6066666666666667
All Events in City,0.5618210678210679
All Football - Latest News & Videos,0.5105386453823954
"All Football GO- Live Score, Games",0.5140277777777779
All Language Translator Free,0.5550324675324675
All Maths Formulas,0.421768278018278
All Mental disorders,0.4228739316239316
All Social Networks,0.5138202177724237
All Video Downloader 2018,0.5417320261437909
"All-In-One Toolbox: Cleaner, Booster, App Manager",0.5456981066071975
All-in-One Mahjong 3 FREE,0.6
"AllTrails: Hiking, Running & Mountain Bike Trails",
Allegiant,0.2333333333333333
Allrecipes Dinner Spinner,0.5816768246373509
Alto's Adventure,0.5261316988814583
Amazon Drive,0.4733768187830688
"Amazon FreeTime – Kids’ Videos, Books, & TV shows",0.5080825644943292
Amazon Kindle,0.46011748819829623
Amazon Prime Video,0.5555555555555556
Amazon Shopping,0.4624378936759889
Amazon for Tablets,0.37119065656565653
American Airlines,0.48372397843328074
Amex Mobile,0.4177012452568008
Amino: Communities and Chats,0.5375361254760332
Amtrak,0.369246213442642
Anatomy Learning - 3D Atlas,0.48883272206188877
Ancestry,0.5161272868415725
AndroZip™ FREE File Manager,0.39017196692196693
"Android Auto - Maps, Media, Messaging & Voice",0.5447434959291718
Android Messages,0.5132160195532288
Anger of stick 5 : zombie,0.5027777777777778
Angry Birds 2,0.49623943585150476
Angry Birds Classic,0.5348862663965559
Angry Birds Rio,0.4715201068772497
Animal Jam - Play Wild!,
Animal Planet GO,0.45373677248677247
Animated Photo Editor,0.5463650793650794
Anime Avatar Creator: Make Your Own Avatar,0.5931982912212505
Anime Manga Coloring Book,0.5071180555555556
Anthem Anywhere,0.3850360223821762
Anthem BC Anywhere,0.36789554531490015
"Any.do: To-do list, Calendar, Reminders & Planner",0.4500429534831867
Apartment Decorating Ideas,0.2
"Apartment List: Housing, Apt, and Property Rentals",0.5809655146534579
"Apartment, Home Rental Search: Realtor.com Rentals",0.48327186147186146
Apartments & Rentals - Zillow,0.462912321264594
Apartments.com Rental Search,0.4129084844302236
Apex Launcher,0.4681670875420875
Apk Installer,0.4882034632034632
App vault,0.4761634199134199
AppLock,0.4999414474414474
AppLock - Fingerprint,0.5643250329105592
Apple Daily 蘋果動新聞,0.32993794150656897
Aprender inglés con Wlingua,0.5617165532879819
Archos File Manager,0.4863489736070381
Arrow.io,0.45664369256474513
Asana: organize team projects,0.5227672402646754
Ascape VR: 360° Virtual Travel,0.5006944444444444
Asphalt 8: Airborne,0.5135438903805984
Associated Credit Union Mobile,0.5595348639455783
Asteroids 3D live wallpaper,0.48231736087307936
Atlan3D Navigation: Korea navigator,0.39801614858906526
AutoCAD - DWG Viewer & Editor,0.48721443101651435
AutoScout24 Switzerland – Find your new car,0.5583655083655084
Avakin Life - 3D virtual world,0.5053262068732377
Aviary Effects: Classic,0.538079149507721
Aviary Stickers: Free Pack,0.6725140465140466
Azar,0.48170581984440686
Azpen eReader,0.5973257418909593
B612 - Beauty & Filter Camera,0.5275852272727273
BBC Media Player,0.43761078042328044
BBC News,0.38892420043213694
BBC Sport,0.4234672895132079
BBM - Free Calls & Messages,0.46189045214045216
BBVA Compass Banking,0.4824433106575964
BBVA Spain,0.5946316246884429
BBW Dating & Curvy Singles Chat- LargeFriends,0.45742092352092356
BBW Dating & Plus Size Chat,0.49101675539175543
BBWCupid - BBW Dating App,0.47169284419284424
BELONG Beating Cancer Together,0.4141634626338574
BEST CAR SOUNDS,0.5282896532896533
BET NOW - Watch Shows,0.40812905844155845
BEYBLADE BURST app,0.4690503362378362
BIG Launcher,0.41012519511738266
BLK - Swipe. Match. Chat.,0.5519399908953481
BZWBK24 mobile,0.5547810559006211
BaBe - Baca Berita,0.4090277777777778
BaBe Lite - Baca Berita Hemat Kuota,0.43333333333333335
BaBe+ - Berita Indonesia,0.4479166666666667
Babbel – Learn Languages,0.4983976758195508
Babbel – Learn Spanish,0.5447092028342028
Baby ABC in box! Kids alphabet games for toddlers!,0.4947191022191022
Baby Monitor,0.49213548752834463
Baby Name Together,0.49526973401973406
Baby Panda Care,0.5404242424242424
Baby Panda Learns Shapes,0.3571943371943372
Baby Panda Musical Genius,0.48696199446199445
Baby Panda’s Juice Shop,0.4916666666666667
Baby Sleep: White noise lullabies for newborns,
Baby Tiger Care - My Cute Virtual Pet Friend,0.36296296296296293
Baby puzzles,0.5072541012452412
"Baca- Berita Terbaru, Informasi, Gosip dan Politik",0.48291191132100225
Backgrounds (HD Wallpapers),0.599070847362514
Backgrounds HD (Wallpapers),0.5209487734487734
BaconReader for Reddit,0.4700780805894442
Bad Piggies,0.5389492408533662
Badoo - Free Chat & Dating App,0.41610276875901875
Bagan - Myanmar Keyboard,0.4197362012987013
Banco Itaú,0.3643950216450217
Banco do Brasil,0.47966436688311687
Bancomer móvil,0.3070278550814265
Banfield Pet Health Tracker,0.49524039849039847
Bangla Newspaper – Prothom Alo,0.4352339181286549
Banjo,0.46412157310875257
Bank of America Mobile Banking,0.4850038651824366
BankMobile Vibe App,0.5646099190664409
Banorte Movil,0.5673119519369519
Banque Populaire,0.32675855780022445
Barbie Life™,0.3933479532163743
Barbie Magical Fashion,0.5782083847305621
Barbie™ Fashion Closet,0.47649350649350647
Barclays US for Android,0.41255418771043767
Barcode Scanner,0.4835820560820561
Baritastic - Bariatric Tracker,0.571031492647564
Baseball Boy!,0.4744802114272896
Basketball FRVR - Shoot the Hoop and Slam Dunk!,0.4600272108843538
Basketball Stars,0.4871262763528012
Bathroom Decorating Ideas,0.5115454545454545
Battlelands Royale,0.5142119465462056
Be A Legend: Soccer,0.4743972818025296
BeSoccer - Soccer Live Score,0.40465388007054676
BeWild Free Dating & Chat App,0.5180704969575584
Beautiful Design Birthday Cake,0.519702380952381
Beautiful Widgets Free,0.5222924031986531
Beautiful Widgets Pro,0.5016910966315729
Beauty Camera - Selfie Camera,0.4508201058201058
Beauty Makeup Snappy Collage Photo Editor - Lidow,0.4769047619047619
Beauty Makeup – Photo Makeover,
Beauty Selfie Camera,
BeautyPlus - Easy Photo Editor & Selfie Camera,0.30000000000000004
Bed Time Fan - White Noise Sleep Sounds,0.6
Bedroom Decorating Ideas,
Been Together (Ad) - D-day,
Best Buy,
Best Car Wallpapers,0.48888888888888893
Best Fiends - Free Puzzle Game,0.5375
Best New Ringtones 2018 Free 🔥 For Android™,
Best Ovulation Tracker Fertility Calendar App Glow,0.5416666666666666
"Best Wallpapers Backgrounds(100,000+ 4K HD)",0.38994949494949493
Best Wallpapers QHD,0.6184401360544217
"BestCam Selfie-selfie, beauty camera, photo editor",0.4216201699535033
BetterMe: Weight Loss Workouts,0.49825571575571576
Betterment,0.5105452301501409
BeyondMenu Food Delivery,0.6176803118908382
BeyondPod Podcast Manager,0.5457182367896654
Bible,0.5336252466987003
Big Days - Events Countdown,0.4996270576131687
"BigOven Recipes, Meal Planner, Grocery List & More",0.49978214060245313
"BiggerCity: Chat for gay bears, chubs & chasers",0.5781575964057872
Bike Computer - GPS Cycling Tracker,0.47691442816442814
Binaural Beats Meditation,0.5643201884920634
Binaural Beats Therapy,0.4587343135259802
BioLife Plasma Services,0.4577038503824218
Birdays – Birthday reminder,0.5550068737568737
Birds Sounds Ringtones & Wallpapers,0.4048684210526316
Black People Meet Singles Date,0.5053452310676337
"Black Wallpaper, AMOLED, Dark Background: Darkify",
Black White Interracial Dating - Interracial Match,
Blackpink as if it's your last,
"Bleacher Report: sports news, scores, & highlights",
"Blendr - Chat, Flirt & Meet",
Blibli.com Belanja Online,
Blidz - Hunt Free Deals On Trending Items!,
Blinkist - Nonfiction Books,
Blitzer.de,
Block Craft 3D: Building Simulator Games For Free,
Block Puzzle,0.5367871126316935
Block Puzzle Classic Legend !,0.5360595538720538
Blogaway for Android (Blogger),0.3590662578162578
Blogger,0.5200550796321473
Bloglovin',0.46937849187849184
Blood Donor,0.36418214831905305
Blood Pressure,0.5866809116809117
Blood Pressure Log - MyDiary,0.5914018250499501
Blood Pressure(BP) Diary,0.355830704018204
Bloomberg Professional,0.3632434613997114
Bloomberg: Market & Financial News,0.3379659090909091
Blossom Blast Saga,0.5138021835417669
BluTV,0.4214222943722944
Blue CareOnDemand,
BlueJeans for Android,
Bluebird by American Express,
Blur Image Background,0.643939393939394
Blur Image Background Editor (Blur Photo Editor),0.530530303030303
Booking.com Travel Deals,0.4009321581196581
Bowmasters,0.5005483488208554
Box,0.43508648758648755
Boxed Wholesale,0.4857461067867318
Boys Photo Editor - Six Pack & Men's Suit,0.4792982456140351
Brain Waves - Binaural Beats,0.5443468915343915
Branch,0.44464553386428385
Brasileirão Pro 2018 - Série A e B,0.5441656746031747
"Breaking News, Local news, Attacks and Alerts Free",0.37713519333889706
Breathing Zone,
Bricks n Balls,
Brightest Flashlight - LED Light,
Brightest Flashlight Free ®,0.5224523809523809
Brightest LED Flashlight,0.6228819444444444
Brilliant,0.49085035301999586
Brit + Co,0.5189175234487734
British Airways,0.3991548134405278
Browser 4G,0.4429032976827094
Bualuang mBanking,0.34824705387205385
Bubble Shooter,0.5156595926423513
Bubble Shooter 2,0.5234848484848486
Bubble Shooter Genies,0.529732683982684
Bubble Shooter Space,0.4974305555555556
Bubble Witch 3 Saga,0.5379182096492003
Buienradar - weer,0.4887794863866292
Build a Bridge!,0.5132795923161372
Bukalapak - Jual Beli Online,0.4232744828136533
BukuBayi - Perkembangan Bayi,0.4660052447552448
Burner - Free Phone Number,0.6361111111111111
Bus Rush: Subway Edition,
Buscapé - Ofertas e descontos,0.485978835978836
Business Calendar 2,0.46938575498575497
Butterfly Live Wallpaper,0.503655303030303
Buzz Launcher-Smart&Free Theme,0.5776225692297121
"BuzzFeed: News, Tasty, Quizzes",0.4749871450927789
"BÁO MỚI - Đọc Báo, Tin Tức 24h",0.41728015448603684
C Programming,0.541011544011544
C++ Programming,0.5534449571775961
C++ Tutorials,0.5667438271604939
CAIXA,0.4659153676622164
CALCU™ Stylish Calculator Free,0.45346700083542185
CATS: Crash Arena Turbo Stars,0.500371594394243
CBS - Full Episodes & Live TV,
CBS News,0.0
"CBS Sports App - Scores, News, Stats & Watch Live",0.5124724732732545
CBS Sports Fantasy,0.488624757677788
CDL Practice Test 2018 Edition,0.477825176366843
CIA - Caller ID & Call Blocker,0.42982993197278907
"CM Browser - Ad Blocker , Fast Download , Privacy",0.6875
CM FILE MANAGER HD,
"CM Flashlight (Compass, SOS)",0.5946428571428571
"CM Launcher 3D - Theme, Wallpapers, Efficient",0.5911111111111111
CM Locker - Security Lockscreen,0.480303944163994
CMB Free Dating App,0.5421654119038425
CNBC: Breaking Business News & Live Market Data,0.47396788404141343
CNN Breaking US & World News,0.5081744708841328
COOKING MAMA Let's Cook!,0.5058891112561748
CVS Caremark,0.42912333393102625
CW Seed,0.5177009847148736
CWT To Go,0.5318358395989975
Cache Cleaner-DU Speed Booster (booster & cleaner),0.4570770895770896
Caf - Mon Compte,0.3038461538461539
Calculator,
Calculator ++,
"Calculator - free calculator ,multi calculator app",
"Calculator - free calculator, multi calculator app",0.15416666666666667
Calculator - unit converter,0.5333333333333333
Calculator Plus Free,0.6307142857142858
Calculator with Percent (Free),0.5638605442176872
Calendar Widget Month + Agenda,0.25
Calendar+ Schedule Planner App,0.4697435897435896
Call Blocker,0.6554310966810967
Call Control - Call Blocker,0.2916666666666667
Call Free – Free Call,
Call of Duty:Black Ops Zombies,0.442716049382716
"CallApp: Caller ID, Blocker & Phone Call Recorder",0.5064814814814815
Caller ID +,0.6000000000000001
Calls & Text by Mo+,0.5458333333333334
Calls Blacklist - Call Blocker,0.6151919191919192
"Calm - Meditate, Sleep, Relax",0.5233274820417678
Calorie Counter & Diet Tracker,0.5049347109876211
Calorie Counter - EasyFit free,0.5369835099867568
Calorie Counter - Macros,0.5126753949820021
Calorie Counter - MyFitnessPal,0.47295209860619614
Calorie Counter - MyNetDiary,0.5599666010020583
Calorie Counter by FatSecret,
Camera FV-5,
Camera FV-5 Lite,
Camera MX - Free Photo & Video Camera,
Camera ZOOM FX - FREE,
Camera for Android,
Camera360 Lite - Selfie Camera,
Camera360: Selfie Photo Editor with Funny Sticker,
Camera51 - a smarter camera,
Cameringo Lite. Filters Camera,0.5333333333333333
Candy Bomb,0.6062394781144781
"Candy Camera - selfie, beauty camera, photo editor",0.5430153034100402
Candy Crush Jelly Saga,0.4811245660731962
Candy Crush Saga,0.45629279100529097
Candy Crush Soda Saga,0.48132998930374143
Candy Day,0.4739181286549708
Candy Pop Story,0.47871180555555554
Candy Smash,0.5162118055555556
"Candy selfie - photo editor, live filter camera",0.48031565656565656
"Canva: Poster, banner, card maker & graphic design",0.5360009824483508
Canvas Student,0.38749999999999996
Capital One® Mobile,
Capitec Remote Banking,
CarMax – Cars for Sale: Search Used Car Inventory,
Card Wars - Adventure Time,
Cardboard,
CareZone,
"Carousell: Snap-Sell, Chat-Buy",
Cars: Lightning League,
Cartoon Network App,
Cash App,
"Cash, Inc. Money Clicker Game & Business Adventure",
Castle Clash: Heroes of the Empire US,
Castlight Mobile,
Casual Dating & Adult Singles - Joyride,
Cat Sim Online: Play with Cats,0.5251869828714091
Caviar - Food Delivery,0.5137362637362637
Chakra Cleansing,0.5723406385281385
Championat,0.3673677799823633
Chapters: Interactive Stories,0.5032795723384645
Chase Mobile,0.488717625876108
"Chat Rooms, Avatars, Date - Galaxy",0.42106441797231275
ChatVideo Meet new people,0.3930076342576343
Cheap Flights & Hotels momondo,0.46549228074869103
Cheap hotel deals and discounts — Hotellook,0.48700854700854695
"CheapTickets – Hotels, Flights & Travel Deals",0.5885373468706802
Cheapflights – Flight Search,0.5859340659340659
CheckPoints 🏆 Rewards App,0.5184227994227995
Checkers ✔️,0.4405675805675806
Checkout 51: Grocery coupons,0.39518319643319644
ChefTap Recipes & Grocery List,
Chefkoch - Rezepte & Kochen,
Chegg Study - Homework Help,
Chess Free,
Chess PRO Free,
Chess School for Beginners,
Chess for Kids - Play & Learn,
Chicago Tribune,
Chick-fil-A,
Chictopia,
Chilindo,
Chime - Mobile Banking,
"Chispa, the Dating App for Latino, Latina Singles",
Choice Hotels,0.7192063492063492
Choices: Stories You Play,0.52632837418782
Christian Dating For Free App,0.4786601830996281
Chrome Beta,0.3778816200855674
Chrome Dev,0.5207789454813264
Cinemark Theatres,0.403097702991453
Cisco Webex Meetings,0.4623848528015195
Cisco Webex Teams,0.4597798821548822
Citi Mobile®,0.4984982638888889
Citibanamex Movil,0.5081359751359751
Citizens Bank Mobile Banking,0.49393451290772716
CityMaps2Go Plan Trips Travel Guide Offline Maps,0.5213652146464647
Claro,0.4000099206349207
Clash Royale,0.48923595085873556
Clash of Clans,0.5339562645447385
ClassDojo,
Classic Calculator,
Classical music for baby,
ClearCareGo Caregiver,
ClickMeeting Webinars,
Cloud Print,
Clover Dating App,
"Club Factory Everything, Unbeaten Price",
Clue,
Collage&Add Stickers papelook,
"Color Call - Caller Screen, LED Flash",
Color Flashlight,0.5264898989898991
Color Road,0.45401725705297136
Color Touch Effects,0.44570958646616543
Color by Number - Draw Sandbox Pixel Art,0.47136153852186463
Color by Number – New Coloring Book,0.5402294533544533
ColorFil - Adult Coloring Book,0.5928430059523809
ColorNote Notepad Notes,0.5111720565841794
ColorSnap® Visualizer,0.3499928774928775
Colorfit - Drawing & Coloring,0.5727620177523428
Colorful Glitter Neon Butterfly Keyboard Theme,0.5825074404761905
Colorfy: Coloring Book for Adults - Free,0.6042470514179697
Coloring & Learn,0.6094258373205742
Coloring book moana,0.641540404040404
Comedy Central,0.34690642241745184
Common Core,0.4599950718923933
CompTIA A+ Pocket Prep,
CompTIA Exam Training,
Compass,
Comptia A+ 220-901 & 220-902,0.5598440065681445
ConnectLine,0.4503203268814171
Contacts,0.47213382638664597
Contacts+,0.4530827603196025
Content Transfer,0.3970588474025974
ConvertPad - Unit Converter,0.48779688251563247
Cookbook Recipes,0.6426115401115401
Cooking Channel,0.533577256077256
Cooking Fever,0.47786459601464903
Cooking Madness - A Chef's Restaurant Games,0.5167562877384306
Cookpad,0.5483966650633317
Cool Popular Ringtones 2018 🔥,0.571494708994709
Cool Reader,0.4773699162679426
Couch to 10K Running Trainer,0.5205262651534973
Couch to 5K by RunDouble,0.4943462357748072
Couchsurfing Travel App,0.529696291362958
Cougar Dating Life : Date Older Women Sugar Mummy,0.5885129315129315
Couple - Relationship App,0.5813240288788535
Coupon Sherpa,
Coupons.com – Grocery Coupons & Cash Back Savings,
Coursera: Online courses,
Cover Fire: offline shooting games for free,
Cozi Family Organizer,
CppDroid - C/C++ IDE,
Crackle - Free TV & Movies,
Crazy Colors: Bubbles Matching,
Create A Superhero HD,
Creative Ideas - DIY & Craft,
Credit Karma,0.5196421459492888
Credit Sesame,0.3942038112959166
CreditWise from Capital One,0.5351311517429939
Crew - Free Messaging and Scheduling,0.5998381895881896
Cricbuzz - Live Cricket Scores & News,0.5658186185159869
Cricket Visual Voicemail,0.4195424700960415
Crossy Road,0.5298473893553813
Crunchyroll - Everything Anime,0.44489962443310654
Current debit card and app made for teens,0.4721886874699375
Curriculum vitae App CV Builder Free Resume Maker,0.4980359041543252
Curso de Ingles Gratis,0.5302477477477477
Cut the Rope 2,0.5373204505371172
Cut the Rope FULL FREE,0.5702711808929921
Cute Pet Puppies,
Cute wallpapers & kawaii backgrounds images,
Cycling - Bike Tracker,0.6174126984126984
"Cymera Camera- Photo Editor, Filter,Collage,Layout",0.4619810744810745
Czech Public Transport IDOS,0.40281887755102047
DC Comics,0.605346532325699
DC Super Hero Girls™,0.5733266488413546
DEAD TARGET: FPS Zombie Apocalypse Survival Games,0.4852570346320346
DEER HUNTER 2018,0.4333333333333333
DELISH KITCHEN - 無料レシピ動画で料理を楽しく・簡単に！,0.4498888888888889
DINO HUNTER: DEADLY SHORES,0.5055597754758974
DIY Garden Ideas,0.6164950980392156
DIY On A Budget,0.5576276837640475
DMV Permit Practice Test 2018 Edition,0.559805860222877
DRAGON BALL LEGENDS,0.5191072965821683
DSLR Camera Hd Ultra Professional,0.5042909356725146
DStv Now,0.5161311836311836
DU Browser—Browse fast & fun,0.5062402473518545
"DU Recorder – Screen Recorder, Video Editor, Live",0.5246842190376673
DaBang - Rental Homes in Korea,
Daily Mail Online,
Daily Manga - Comic & Webtoon,
Daily Workouts - Exercise Fitness Routine Trainer,0.75
Daily Yoga - Yoga Fitness Plans,0.5669227994227994
"Dailyhunt (Newshunt) - Latest News, Viral Videos",0.5541666666666667
Dairy Queen,0.37438271604938267
Daniel Tiger for Parents,0.5090388007054674
DashClock Widget,0.419047619047619
Dashlane Free Password Manager,0.5442857142857143
"Dating App, Flirt & Chat : W-Match",0.43555555555555564
Dating for 50 plus Mature Singles – FINALLY,0.5087301587301588
Daum Mail - 다음 메일,0.36542857142857144
Davis's Drug Guide,0.5333333333333333
Davis's Drug Guide for Nurses,0.4259259259259259
Debonairs Pizza,0.6054166666666667
Deep Sleep and Relax Hypnosis,
"Delivery Club–Доставка еды:пицца,суши,бургер,салат",0.3401594932844933
Delta Dental,0.3259047619047619
Despegar.com Hoteles y Vuelos,0.47689763939763946
Detector de Radares Gratis,0.5178780896522832
Device Help,0.3562866225366225
Diabetes & Diet Tracker,0.5684691607191606
Diabetes:M,0.5219833001756079
Diamond Zipper Lock Screen,0.6061519607843138
Diary with lock,0.568277521195691
Diary with lock password,0.509655793410164
Dice With Buddies™ Free - The Fun Social Dice Game,
Dictionary - Merriam-Webster,0.46232112794612795
Die TK-App – alles im Griff,0.5273030570252792
Digg,0.5073774104683195
DigiCal Calendar Agenda,0.5067420059811364
Digit Save Money Automatically,0.4027419926303855
Digital Alarm Clock,0.480794760360488
Dil Mil,0.4265464094728801
Dino War: Rise of Beasts,0.45208500824572256
Dinosaur Simulator: Dino World,0.40544871794871795
Discover Mobile,0.5277777777777778
Disney Crossy Road,
Disney Heroes: Battle Mode,0.35833333333333334
Disney Magic Kingdoms: Build Your Own Magical Park,0.4842235681407414
DisneyNOW – TV Shows & Games,0.5351162186054476
Divar,0.48675561461275746
Do It Later: Tasks & To-Dos,0.3273473530826472
Docs To Go™ Free Office Suite,0.4105713383838384
Doctor On Demand,0.5533802655677655
Doctor Pets,0.5141666666666667
Dog Licks Screen Wallpaper,0.5277725905176885
Dog Run - Pet Dog Simulator,0.5067884322678843
Dog Sim Online: Raise a Family,0.5895535714285715
Dollhouse Decorating Games,
"Dolphin Browser - Fast, Private & Adblock🐬",
Dolphins Live Wallpaper,
Domino's Pizza USA,0.5032287457102147
Dominos Game ✔️,0.3329251304251304
"Domofond Недвижимость. Купить, снять квартиру.",0.4463181117128485
Doodle Jump,0.5181851050184384
Door Lock Screen,0.6068617724867725
DoorDash - Food Delivery,0.44422497723837007
Dosecast - Medication Reminder,0.5237338374344954
Down Dog: Great Yoga Anywhere,0.5268369912690124
Dr. Oetker Rezeptideen,0.48947486772486776
Dr. Panda & Toto's Treehouse,0.5326722544430877
Dr. Panda Restaurant 3,0.5161196258806553
Dr. Panda Town: Vacation,0.4862867192331478
DraftKings - Daily Fantasy Sports,0.5213883377425044
Dragon Hills,0.5521841287019859
Dragon Sim Online: Be A Dragon,
DramaFever: Stream Asian Drama Shows & Movies,
Draw A Stickman,0.4
Draw In,0.5825
Draw Your Game,0.6833333333333333
Draw a Stickman: EPIC 2,0.5416666666666666
Draw.ly - Color by Number Pixel Art Coloring,
Drawing Clothes Fashion Ideas,
Drawing for Kids Learning Games for Toddlers age 3,0.5466666666666667
Dream League Soccer 2018,0.483123897707231
DreamMapper,
DreamTrips,0.43856872294372296
DreamWorks Friends,0.47637230894806654
Dresses Ideas & Fashions +3000,0.5574667031563583
Droid Zap by Motorola,0.4383898011710512
DroidAdmin for Android - Advice,0.5074501424501425
Dropbox,0.4436356041619199
Drugs.com Medication Guide,0.49059276786840894
Dude Perfect 2,0.5357966279447627
Dumb Ways to Die 2: The Games,0.4694232381732382
Dungeon Hunter Champions: Epic Online Action RPG,0.48827825167557315
Dunkin' Donuts,0.47051000630182965
Duolingo: Learn Languages Free,0.4702147530324614
DuraSpeed,0.39668705168705165
E*TRADE Mobile,0.49361037978225475
EMT Review Plus,
EMT Tutor NREMT-B Study Guide,
EMT-B Pocket Prep,
ES File Explorer File Manager,
ESPN,
ESPN Fantasy Sports,
Earn to Die 2,
"Easy - taxi, car, ridesharing",0.45180147750799926
Easy Hair Style Design,0.554462962962963
Easy Healthy Recipes,0.5893495297805643
Easy Installer - Apps On SD,0.3106934731934732
Easy Makeup Tutorials,0.42436317540484203
Easy Origami Ideas,0.5367647058823529
Easy Recipes,0.5101388888888889
Easy Voice Recorder,0.5656775421363334
EasyBib: Citation Generator,0.3912238930659983
Eat Fit - Diet and Health Free,0.5294246031746032
Eat24 Food Delivery & Takeout,0.5470710770710772
EatStreet Food Delivery App,0.5136076011076011
"Ebates: Cash Back, Coupons, Rewards & Savings",0.41552014505961876
Ebook Reader,0.5815682157348824
Ecobank Mobile Banking,0.5415730180313514
Edmodo,0.44355813234384667
Educational Games 4 Kids,0.4732344117870434
Educational Games for Kids,0.5136640211640212
El tiempo de AEMET,0.2754370232941662
Elevate - Brain Training Games,
EliteSingles – Dating for Single Professionals,
Elmo Calls by Sesame Street,
Email TypeApp - Mail App,
Emmanuella Funny Videos 2018,
"Emoji Keyboard - Cute Emoji,GIF, Sticker, Emoticon",
"Emoji keyboard - Cute Emoticons, GIF, Stickers",
Endless Numbers,
Endomondo - Running & Walking,
English Dictionary - Offline,
English Grammar Complete Handbook,
English Grammar Test,
English Persian Dictionary,
English to Urdu Dictionary,
English with Lingualeo,0.3522718253968254
English-Myanmar Dictionary,0.40219265018607125
Entel,0.33131373256373253
Enterprise Rent-A-Car,0.5988954872288206
Episode - Choose Your Story,0.4811471465662314
Epocrates Plus,0.5152561327561328
Equestria Girls,0.550960435543769
Essential Anatomy 3,0.5223282227032227
Essential Resources,0.48453513558201056
Etsy: Handmade & Vintage Goods,0.5440019228160253
Etta Homes,0.49577991452991454
Eurosport,0.4273702722715881
"Eve Period Tracker - Love, Sex & Relationships App",0.501774753024753
"Even - organize your money, get paid early",0.4627380952380952
Events High - Meet Your City!,
Ever After High™ Charmed Style,
Everlance: Free Mileage Log,
"Evernote – Organizer, Planner for Notes & Memos",0.5222918902085569
Evie Launcher,0.48739135996622973
ExDialer - Dialer & Contacts,0.49568862814039333
"Expedia Hotels, Flights & Car Rental Travel Deals",0.5015541294642857
Expense IQ Money Manager,0.44198430929882543
Experian - Free Credit Report,0.5278456406717276
Extreme Car Driving Simulator,0.4527777777777777
Extreme Coupon Finder,0.5617181594860167
Extreme Match,0.46685135080968415
Extreme Racing 2 - Real driving RC cars game!,0.4190608465608465
EyeCloud,0.3554406601628824
EyeEm - Camera & Photo Filter,0.586203964953965
EzCalculator,0.5213414947625473
FBReader: Favorite Book Reader,0.4724487336025797
FERZU - Furries Social Network,0.4869399930553776
"FIFA - Tournaments, Soccer News & Live Scores",0.44277674486007823
FINAL FANTASY BRAVE EXVIUS,0.5314801504552734
FOSSIL Q: DESIGN YOUR DIAL,0.33451561065197427
FOX,0.4584032017365351
FOX NOW - On Demand & Live TV,0.49202284566083265
"FOX Sports: Live Streaming, Scores & News",0.520679012345679
FP Notebook,
FREE LIVE TALK,
FREE Stock Market Trading Tips,
FREEDOME VPN Unlimited anonymous Wifi Security,0.3477272727272727
"FUN Keyboard – Emoji Keyboard, Sticker,Theme & GIF",0.34328703703703706
"Fabulous: Motivate Me! Meditate, Relax, Sleep",0.5265805589912732
"Face Filter, Selfie Editor - Sweet Camera",0.5888655462184874
Facebook,0.46020734988097733
Facebook Ads Manager,0.31926272933415795
Facebook Lite,0.4561272204806687
Facebook Local,0.44045936404864977
Facebook Pages Manager,0.44085285629403276
Facetune - Ad Free,0.5606183269363542
Fair: A New Way To Own A Car,
Fake Call - Fake Caller ID,0.4860976502767548
Fallout Shelter,0.5136060292384971
Family Album Mitene: Private Photo & Video Sharing,0.6301165809499143
Family Dollar,0.4460639301175015
Family GPS Tracker and Chat + Baby Monitor Online,0.5475182325182325
Family GPS tracker KidControl + GPS by SMS Locator,0.5171229125330687
Family Locator - GPS Tracker,0.5448769579856536
FamilySearch Tree,0.43582595799262464
FanDuel: Daily Fantasy Sports,0.4659878000787092
Fancy,
Fancy Widgets,0.5463555010574592
Fandango Movies - Times + Tickets,0.5183011234796949
Fantasy Football,0.41102149863019427
Fantasy Football & NFL News,0.5673918102594574
Fantasy Football Manager (FPL),0.5221638655462185
Farm Fruit Pop: Party Time,0.47051459293394776
Farm Heroes Saga,0.44443435327298964
FarmersOnly Dating,
Farming Simulator 14,0.48741907874260815
Farming Simulator 18,0.49332987151737157
Fashion in Vogue,0.34800007023458346
Fast News,0.6042012617012618
Fast Scanner : Free PDF Scan,0.4279001891501892
Fast Secure VPN,0.41854095315035955
"FastMeet: Chat, Dating, Love",0.5173434343434344
Fat Burning Workout - Home Weight lose,0.5471371452621452
Fate/Grand Order (English),0.5285510635198135
Faustop Sounds,
Feed Baby - Baby Tracker,
Fertility Friend Ovulation App,
Fever,
FidMe Loyalty Cards & Deals at Grocery Supermarket,0.4141676505312869
File Browser by Astro (File Manager),0.45269949494949496
File Explorer,0.456304347826087
File Manager,0.31330004591368227
File Manager -- Take Command of Your Files Easily,0.3605555555555556
Files Go by Google: Free up space on your phone,0.5235522935864323
FilterGrid - Cam&Photo Editor,0.529429069607641
Filters for B Live,0.39555555555555555
Filters for Selfie,0.5278946208112875
Final Fantasy XV: A New Empire,0.511339249742269
Financial Times,0.4657510221260221
Find Dining Restaurant Finder,0.4775996112730807
Find Real Love — YouLove Premium Dating,
Find a Way: Addictive Puzzle,0.5850889989639989
Find&Save - Local Shopping,0.38212278881815626
FindShip,0.41144872692666806
Firefox Browser fast & private,0.5187862517847506
Firefox Focus: The privacy browser,0.5538280971777065
Fishdom,0.5635105308518095
Fitbit,0.5822820466570467
Fitbit Coach,
Flashlight,0.6072482993197279
Flashlight & LED Torch,0.2581777777777778
Flashlight - Torch LED Light,0.5391269841269841
Flashlight HD LED,0.6406517141861969
Flickr,0.4359923749572187
Flight & Hotel Booking App - ixigo,0.5210594035594036
Flightradar24 Flight Tracker,0.47700787906703085
Flights,0.4000104062604063
Flip the Gun - Simulator Game,0.47298784548784545
FlipaClip - Cartoon animation,0.6792261904761905
Flipboard: News For Our Time,0.4338217338217338
Flipkart Online Shopping App,0.47886228850514573
Flipp - Weekly Shopping,0.5630284751091202
Flippy Campus - Buy & sell on campus at a discount,0.49248472116119174
FlirtChat - ♥Free Dating/Flirting App♥,0.5106957328385899
Floor Plan Creator,0.4655839280839281
Flow Free,0.5201833408656908
Flowers Live Wallpaper,0.5650367309458219
Fly Delta,0.4622601174814454
FollowMyHealth®,0.48177970677624415
Font Studio- Photo Texts Image,0.5220456932773109
Food Calorie Calculator,0.44987611304684477
Food Network,0.4370341493404874
Fooducate Healthy Weight Loss & Calorie Counter,0.4977620327410244
"Foot Mercato : transferts, résultats, news, live",0.47413271604938273
Football Live Scores,0.5309547152194212
ForecaWeather,0.5093346291866029
Fortune City - A Finance App,0.45879702280743945
FotMob - Live Soccer Scores,
Fotor Photo Editor - Photo Collage & Photo Effects,
Four In A Line,0.5493170399727777
Four In A Line Free,0.4853270474381585
Foursquare City Guide,0.42221578025149453
Foursquare Swarm: Check In,0.4214936131192289
Fox Business,0.5015917069042068
"Fox News – Breaking News, Live Video & News Alerts",0.5029876189226838
Fraction Calculator Plus Free,0.5620348647768003
Free & Premium VPN - FinchVPN,0.477772631395398
Free Book Reader,
Free Books - Spirit Fanfiction and Stories,
Free Dating & Flirt Chat - Choice of Love,0.36135281385281387
Free Dating App & Flirt Chat - Cheers,0.47738162878787876
Free Dating App & Flirt Chat - Match with Singles,0.5836531986531986
Free Dating App - Meet Local Singles - Flirt Chat,0.559581583424867
"Free Dating App - YoCutie - Flirt, Chat & Meet",0.44732448577787565
Free Dating Hook Up Messenger,0.5223361741189635
Free Foreclosure Real Estate Search by USHUD.com,0.4402344652344652
Free Hypnosis,0.49427512650312644
Free Live Talk-Video Call,0.1
Free Meditation - Take a Break,
"Free Messages, Video, Chat,Text for Messenger Plus",
Free Panda Radio Music,0.26666666666666666
Free Sports TV,0.5141263962375073
"Free TV Shows App:News, TV Series, Episode, Movies",0.5907247425997426
Free VIN Report for Used Cars,0.49431821273964127
Free live weather on screen,0.5197159565580618
"Free phone calls, free texting SMS on free number",0.5231201565923789
FreePrints – Free Photos Delivered,0.6266804152637486
Freeletics: Personal Trainer & Fitness Workouts,0.46370628720238094
Freeme Launcher—Stylish Theme,0.47637755102040824
Fresh EBT - Food Stamp Balance,0.4247380315762669
FreshBooks Classic,0.47211790185352337
Frontback - Social Photos,0.46163720538720543
Frozen Free Fall,0.5061268037518037
Fruit Block - Puzzle Legend,0.3777777777777777
Fruit Boom,
Fruit Cube Blast,
Fruit Ninja®,0.49328917050691246
Fruits Bomb,0.5306104619712214
Fuelio: Gas log & costs,0.5316347888222889
Full Screen Caller ID,0.47666177908113394
Fun Kid Racing,0.5245821854912764
Fun Kid Racing - Motocross,0.5135774410774411
Funny Alarm Clock Ringtones,0.5961899862825789
Funny Pics,0.5721806553235125
Funny Quotes Free,
Funny Ringtones,
Futbol24,
Fuzzy Seasons: Animal Forest,0.5792567683639112
G Cloud Backup,0.5738897851828887
GANMA! - オリジナル漫画が全話無料で読み放題,0.47509063964709125
"GCash - Buy Load, Pay Bills, Send Money",0.3834686147186147
GMAT Math Flashcards,0.5496980218855219
GMAT Question Bank,0.4698832866479925
GMX Mail,0.5407398018648019
"GO Keyboard - Cute Emojis, Themes and GIFs",0.31061302681992337
"GO Keyboard - Emoticon keyboard, Free Theme, GIF",0.502509237395601
GO Notifier,0.4230678104575163
"GO SMS Pro - Messenger, Free Themes, Emoji",0.4398316960816961
"GO Weather - Widget, Theme, Wallpaper, Efficient",0.43870310245310246
GPS Map Free,0.6000000000000001
GPS Navigation & Offline Maps Sygic,
GPS Speedometer - Trip Meter - Altimeter,
GPS Speedometer and Odometer,0.6541666666666667
"GPS Speedometer, Distance Meter",0.6011644345238095
GPS Status & Toolbox,0.4026825396825397
GPS Traffic Speedcam Route Planner by ViaMichelin,0.46424505829267737
GRE Flashcards,0.5237899831649832
GRE Prep & Practice by Magoosh,0.4839062850729518
GRE Tutor,0.5681086043586043
GS SHOP,0.3475877192982456
GUNSHIP BATTLE: Helicopter 3D,0.45793083900226755
Galactic Core Free Wallpaper,0.6578138425360648
Galaxy Attack: Alien Shooter,0.4665821806717329
Galaxy Gift,
Galaxy Live Wallpaper,
Game for KIDS: KIDS match'em,
Game of Thrones: Conquest™,0.44722222222222224
"Gametime - Tickets to Sports, Concerts, Theater",0.5702181577181578
Garden Coloring Book,0.5234474150677855
Garden Fruit Legend,0.5757478632478632
Garden Photo Frames - Garden Photo Editor,0.48137500000000005
Gardenscapes,0.5014648140223873
Garena Free Fire,0.4941331211427365
Garmin Connect™,0.4854234758297259
GasBuddy: Find Cheap Gas,0.5009855994699745
Gay Sugar Daddy Dating & Hookup – Sudy Gay,0.6372210351377018
Gboard - the Google Keyboard,0.5171716244977523
Gems or jewels ?,0.43863784363784364
Genius Scan - PDF Scanner,0.5183336855452241
Geo Tracker - GPS tracker,
Geocaching®,
Geometry Dash World,
Ghostery Privacy Browser,
GialloZafferano: le Ricette,
Girls Hairstyles,
Girls Live Chat - Free Text & Video Chat,
Girls Online Talk - Free Text and Video Chat,
Girls' Frontline,
Girly Lock Screen Wallpaper with Quotes,
Girly Wallpapers Backgrounds,
Glam - Premium Dating App,
GlassesOff,
Glide - Video Chat Messenger,
Glow Hockey,
Glowing Flowers Live Wallpaper,
Gmail,0.4659200872189153
GoBank,0.5303020581933049
GoPro (formerly Capture),0.4620191285278281
Goal Live Scores,0.5138371392496393
Goibibo - Flight Hotel Bus Car IRCTC Booking App,0.5649483873825979
Goku Wallpaper Art,0.517482993197279
Gold Butterfly Keyboard Theme,0.6011085211085211
Golden Dictionary (EN-AR),0.4903003003003003
Golden Launcher,0.5899720893141945
Goldstar: Live Event Tickets,0.6354549062049062
Golf Channel,0.4610644841269841
Golf GPS Rangefinder: Golf Pad,0.5649432511932512
Golf GPS by SwingxSwing,0.4576765171556838
GolfLogix GPS + Putt Breaks,0.4526742085075418
"GolfNow: Tee Time Deals at Golf Courses, Golf GPS",0.5041837396278186
Golfshot Plus: Golf GPS,0.4753117784992785
Golfshot: Golf GPS + Tee Times,0.4648870791245791
GoodRx Drug Prices and Coupons,0.449028314028314
Google,0.4927439336978811
Google Ads,0.4323986484194818
Google Allo,
Google Analytics,
Google Assistant,
Google Assistant Go,
Google Calendar,
Google Chrome: Fast & Secure,
Google Classroom,
Google Docs,
Google Drive,
Google Duo - High Quality Video Calls,0.49799074074074073
Google Earth,0.46496248060627754
Google Fit - Fitness Tracking,0.4778642676767677
Google Handwriting Input,0.39329847053531264
Google Keep,0.4888327030112744
Google My Business,0.4494172494172495
Google News,0.49677560130933146
Google PDF Viewer,0.4412866107933072
Google Pay,0.5077741771354409
Google Photos,0.5018935734339623
Google Play Books,
Google Play Games,
Google Play Movies & TV,
Google Primer,0.675
Google Sheets,
Google Slides,0.9166666666666666
Google Street View,0.6916666666666667
Google Translate,0.48999999999999994
Google Trips - Travel Planner,0.0
Google Voice,0.19622159090909091
Google+,0.46944444444444444
Granny,0.5562993347603944
Graphing Calculator,0.4644786015672091
Grim Soul: Dark Fantasy Survival,0.5017646990789126
Groovebook Photo Books & Gifts,0.5067545042492522
GroupMe,0.518137446598985
"Groupon - Shop Deals, Discounts & Coupons",0.47119181975431973
Grubhub: Food Delivery,0.47002923976608185
Guns of Glory,0.5351874996145829
Gyft - Mobile Gift Card Wallet,0.5253256169825719
H Pack,0.37940877525252525
H TV,0.4085042735042735
H&M,0.5764898448231781
HBO GO: Stream with TV Package,0.5216060351511479
HBO NOW: Stream TV & Movies,
HD Camera,0.0
HD Camera - Best Cam with filters & panorama,0.5875
HD Camera - Quick Snap Photo & Video,0.5777731092436975
HD Camera Pro for Android,0.6097689075630253
HD Camera Ultra,0.5695181114814052
HD Camera for Android,0.5457669413919414
HD Movie Video Player,0.574268094334508
HD Video Player,0.435921052631579
HD Widgets,0.5138021885521885
HDFC Bank MobileBanking,0.5096762265512265
HESI A2 Pocket Prep,0.4689616402116402
HISTORY: Watch TV Show Full Episodes & Specials,0.5211220068298389
HOTEL DEALS,
"HSL - Tickets, route planner and information",
HTC Calendar,0.694949494949495
HTC File Manager,0.26105098605098603
HTC Gallery,0.4448680287966002
HTC Help,0.3478900462962963
HTC Lock Screen,0.44924597778764447
HTC Mail,0.4266290501826216
HTC Sense Input,0.4201793154761905
HTC Sense Input-AR,0.42227380952380955
HTC Service － DLNA,0.44935433785433787
HTC Service—Video Player,0.47739678377178374
HTC Social Plugin - Facebook,0.49405168905168906
HTC Speak,0.3343441435108102
HTC Weather,0.4530939659755449
Hacker's Keyboard,0.5788869654427428
Hairstyles step by step,0.5911601019008427
Hamilton — The Official App,0.43614353211823453
Hangouts,0.5312487273123238
Hangouts Dialer - Call Phones,
Happify,0.34500000000000003
Happy Birthday Songs Offline,0.634313725490196
Happy Fruits Bomb - Cube Blast,0.45399134199134195
Happy Street,0.5082602813852813
Harkins Theatres,0.490007597621234
Harry Potter: Hogwarts Mystery,0.4856774694112312
HauteLook,0.4925493025493025
Hay Day,0.5036815863370004
Haystack TV: Local & World News - Free,0.551611111111111
Headspace: Meditation & Mindfulness,0.42147727272727276
Health and Nutrition Guide,0.5183584892290249
HealtheLife,0.36319146825396825
Healthy Recipes Free,0.5317927072927073
Helix Jump,0.4872210639607329
Hello Kitty Lunchbox,0.5605043532564542
Hello Kitty Nail Salon,0.517986901986902
Hello Stars,0.4964208718313196
"HelloTalk — Chat, Speak & Learn Foreign Languages",0.6530555555555556
Hemnet,
Henry Danger Crime Warp,
Hero Hunters,0.5063131914381914
"Herpes Dating: 1,000K+ Singles",0.4679461145253556
Herpes Positive Singles Dating,0.5264661281179138
"Hide App, Private Dating, Safe Chat - PrivacyHider",0.46029688922770684
"Hide Something - Photo, Video",0.5127991622574956
Hideman VPN,0.40125649738552965
High Blood Pressure Symptoms,0.5663588588588588
High-Powered Flashlight,0.5057320261437909
"High-Speed Camera (GIF,Burst)",0.3967372134038801
Hill Climb Racing,0.49867449971988176
Hill Climb Racing 2,0.47632809515851793
"Hily: Dating, Chat, Match, Meet & Hook up",0.5553312065566968
Hinge: Dating & Relationships,0.4962808119148699
HipChat - Chat Built for Teams,0.3694698121443251
Hipmunk Hotels & Flights,0.6215854119425549
Hitwe - meet people and chat,0.694104938271605
Hiya - Caller ID & Block,
"Hola Launcher- Theme,Wallpaper",
"Hole19: Golf GPS App, Rangefinder & Scorecard",0.6068640350877192
Home Decor Showpiece Art making: Medium Difficulty,0.6261428571428571
Home Scouting® MLS Mobile,0.36908837256493504
Home Security Camera WardenCam - reuse old phones,0.48728809385059385
Home Street – Home Design Game,0.535353523254065
Home Workout - No Equipment,0.5552208555333555
Home Workout for Men - Bodybuilding,0.47010378510378514
"Home workouts - fat burning, abs, legs, arms,chest",0.5969551282051282
HomeAway Vacation Rentals,
HomeWork,0.3
"Homes.com 🏠 For Sale, Rent",0.4356902356902357
Homescapes,0.5245812840784173
Homesnap Real Estate & Rentals,0.47902116402116407
Homestyler Interior Design & Decorating Ideas,0.46706982799765306
Homework Planner,0.5334585326549611
Honkai Impact 3rd,0.5235471409602994
Hopper - Watch & Book Flights,0.47613748369461667
Horoscopes – Daily Zodiac Horoscope and Astrology,0.40594568130282416
Horses Live Wallpaper,0.5115710678210679
Hostelworld: Hostels & Cheap Hotels Travel App,0.5762854447140161
Hot Wheels: Race Off,0.49031547919672913
Hot or Not - Find someone right now,
HotelTonight: Book amazing deals at great hotels,0.5544839759613381
Hotels Combined - Cheap deals,0.35309964726631393
Hotels.com: Book Hotel Rooms & Find Vacation Deals,0.5454440715680212
Hotspot Shield Free VPN Proxy & Wi-Fi Security,0.3932843137254902
Hotstar,0.4939640988971346
Hotwire Hotel & Car Rental App,0.45971741221741225
Housing-Real Estate & Property,0.37853153129938844
Houzz Interior Design Ideas,
